[
    {
        "id": 1,
        "name": "bahman",
        "lastname" :"bahmani",
        "age": 21
    },
    {
        "id": 2,
        "name": "hana",
        "lastname" :"bahmani",
        "age": 22
    },
    {
        "id": 3,
        "name": "dara",
        "lastname" :"bahmani",
        "age": 23
    },
    {
        "id": 4,
        "name": "sara",
        "lastname" :"bahmani",
        "age": 20
    },
    {
        "id": 5,
        "name": "mina",
        "lastname" :"bahmani",
        "age": 24
    },
    {
        "id": 6,
        "name": "taha",
        "lastname" :"bahmani",
        "age": 24
    },
    {
        "id": 7,
        "name": "taha",
        "lastname" :"bahmani",
        "age": 20
    }
]